,website
3000,google.co.za
3001,francetvinfo.fr
3002,awsdns-63.net
3003,lxdns.com
3004,ubnt.com
3005,pornpics.com
3006,ettoday.net
3007,squid-cache.org
3008,pa.gov
3009,toasttab.com
3010,lolesports.com
3011,awsdns-23.com
3012,marketingcloudapis.com
3013,second-ns.de
3014,battlenet.com.cn
3015,federalregister.gov
3016,awsdns-27.com
3017,realestate.com.au
3018,cmbchina.com
3019,iu.edu
3020,itau.com.br
3021,travelandleisure.com
3022,everydayhealth.com
3023,kremlin.ru
3024,dtvce.com
3025,gazeta.pl
3026,ad.gt
3027,mobileiron.com
3028,ct.gov
3029,fang.com
3030,lectortmo.com
3031,siteground.com
3032,splunkdev.net
3033,51.la
3034,mimecast.net
3035,hud.gov
3036,awsdns-39.com
3037,orf.at
3038,virustotal.com
3039,inner-active.mobi
3040,clickup.com
3041,monster.com
3042,boutell.com
3043,channel4.com
3044,tripadvisor.co.uk
3045,campaign-archive.com
3046,publicstuff.com
3047,apple.co
3048,go2cloud.org
3049,betfair.com
3050,justwatch.com
3051,js7k.com
3052,bytedns1.com
3053,zomato.com
3054,novinky.cz
3055,qualys.com
3056,meijutt.net
3057,powerschool.com
3058,cwi.nl
3059,awsdns-24.com
3060,samsungosp.com
3061,usbank.com
3062,archdaily.com
3063,awsdns-49.net
3064,thestreet.com
3065,google.com.my
3066,localytics.com
3067,bybit.com
3068,gpo.gov
3069,flightaware.com
3070,hoyoverse.com
3071,iherb.com
3072,napoleongames.be
3073,chartbeat.com
3074,awsdns-61.com
3075,awsdns-13.org
3076,litres.ru
3077,sophosupd.com
3078,nd.edu
3079,streamtape.com
3080,awsdns-17.com
3081,indiatoday.in
3082,awsdns-25.net
3083,clickfunnels.com
3084,doxygen.org
3085,360.com
3086,observer.com
3087,nic.do
3088,gm.com
3089,gq.com
3090,uninet.net.mx
3091,prawnsimply.com
3092,thinkwithgoogle.com
3093,microfocus.com
3094,mentalfloss.com
3095,wampserver.com
3096,scopely.io
3097,senderscore.com
3098,raspberrypi.org
3099,purl.org
3100,afternic.com
3101,ama-assn.org
3102,nationalpost.com
3103,buzzsprout.com
3104,eamk.pro
3105,dns.google
3106,awsdns-41.com
3107,groupon.com
3108,siemens.de
3109,kaltura.com
3110,hypr.com
3111,jut.su
3112,iloveimg.com
3113,singular.net
3114,uu.net
3115,inscloudgate.net
3116,cms.gov
3117,ahajournals.org
3118,knt9.xyz
3119,1fichier.com
3120,awsdns-51.com
3121,36kr.com
3122,lifehack.org
3123,awsdns-63.org
3124,msdn.com
3125,atwiki.jp
3126,pngtree.com
3127,menshealth.com
3128,tanium.com
3129,amazon.eg
3130,bazaarvoice.com
3131,adroll.com
3132,aspnetcdn.com
3133,unhcr.org
3134,mass.gov
3135,javatpoint.com
3136,aptrinsic.com
3137,hoster.ru
3138,rackspace-cloud.com
3139,nocookie.net
3140,oppomobile.com
3141,akbars.ru
3142,postimg.cc
3143,jw.org
3144,google.ro
3145,huanqiu.com
3146,domaintools.com
3147,thinkific.com
3148,zenon.net
3149,marthastewart.com
3150,thrtle.com
3151,pardot.com
3152,pixlr.com
3153,olympics.com
3154,owneriq.net
3155,olx.pl
3156,vulture.com
3157,dartmouth.edu
3158,awsdns-16.com
3159,askubuntu.com
3160,lazada.com.my
3161,evidon.com
3162,awsdns-12.com
3163,medtronic.com
3164,chapmanganato.com
3165,boingboing.net
3166,uky.edu
3167,oraclecloud.net
3168,rd.com
3169,digitaloceanspaces.com
3170,google.at
3171,maigoo.com
3172,politico.eu
3173,9anime.vc
3174,avira-vpn.com
3175,dynadot.com
3176,ib-ibi.com
3177,pagesix.com
3178,blackberry.net
3179,loopia.se
3180,awsdns-20.com
3181,adentifi.com
3182,hdtoday.tv
3183,livestrong.com
3184,dns.kr
3185,springserve.com
3186,oregonlive.com
3187,epik.com
3188,iso.ch
3189,zlib.net
3190,awsdns-21.com
3191,datazoom.io
3192,unimelb.edu.au
3193,togetter.com
3194,rbx.com
3195,cuevana3.me
3196,legacy.com
3197,webtoons.com
3198,awsdns-01.com
3199,video.az
3200,awsdns-31.org
3201,dandanzan10.top
3202,btnull.re
3203,cookpad.com
3204,skyscanner.net
3205,formula1.com
3206,ostrovok.ru
3207,michigan.gov
3208,abb.com
3209,buffalo.edu
3210,ss2.us
3211,mcdonalds.com
3212,10jqka.com.cn
3213,skroutz.gr
3214,libbyshelf.com
3215,biancheng.net
3216,revcontent.com
3217,in.gov
3218,mynavi.jp
3219,pfizer.com
3220,paramountplus.com
3221,curseforge.com
3222,patria.org.ve
3223,ja.net
3224,hurriyet.com.tr
3225,abc.com
3226,uh.edu
3227,cointelegraph.com
3228,gazzetta.it
3229,unep.org
3230,theage.com.au
3231,10086.cn
3232,mercadolibre.com
3233,telenet.be
3234,adidas.com
3235,tradingeconomics.com
3236,mcusercontent.com
3237,metacritic.com
3238,weiyun.com
3239,nunuyy3.org
3240,manchester.ac.uk
3241,baltimoresun.com
3242,imgix.net
3243,unfccc.int
3244,trifle.net
3245,wswebpic.com
3246,akamai.com
3247,gotomeeting.com
3248,routledge.com
3249,pochta.ru
3250,editorialmanager.com
3251,yotpo.com
3252,suntimes.com
3253,trulia.com
3254,freep.com
3255,dtln.ru
3256,datto.com
3257,formstack.com
3258,mk.ru
3259,tiny.cc
3260,rosminzdrav.ru
3261,kommersant.ru
3262,awsdns-58.com
3263,awsdns-59.com
3264,ec-lyon.fr
3265,000webhost.com
3266,libpng.org
3267,benzinga.com
3268,justgiving.com
3269,infogram.com
3270,awsdns-59.net
3271,cnr.it
3272,harpersbazaar.com
3273,he.net
3274,bookdepository.com
3275,liveintent.com
3276,egnyte.com
3277,oxu.az
3278,pb.com
3279,redditmedia.com
3280,awsdns-33.com
3281,nsf.gov
3282,hgtv.com
3283,chiphell.com
3284,blender.org
3285,www.gov.br
3286,xvideos-cdn.com
3287,sonos.com
3288,163img.com
3289,huijiwiki.com
3290,pacloudflare.com
3291,imagetwist.com
3292,awsdns-28.com
3293,sendinblue.com
3294,eum-appdynamics.com
3295,like.video
3296,awsdns-60.net
3297,rttv.ru
3298,cityheaven.net
3299,nber.org
3300,1password.com
3301,snapkit.com
3302,awsdns-22.com
3303,gumtree.com
3304,pcre.org
3305,amazon.com.tr
3306,awsdns-60.com
3307,oneclickstar.com
3308,ziprecruiter.com
3309,lenovomm.com
3310,mirconnect.ru
3311,google.se
3312,parsely.com
3313,memcached.org
3314,runnet.ru
3315,cnrs.fr
3316,aps.org
3317,techsmith.com
3318,fullstory.com
3319,dvr163.com
3320,dji.com
3321,yle.fi
3322,duowanns.com
3323,bk6bba-resources.com
3324,ajc.com
3325,hardened-php.net
3326,bigo.sg
3327,wikiquote.org
3328,zazzle.com
3329,found.io
3330,bgdns.net
3331,ynet.co.il
3332,vg.no
3333,sprinklr.com
3334,simply.com
3335,delicious.com
3336,justdial.com
3337,tidal.com
3338,mendeley.com
3339,btnull.org
3340,hotornot.com
3341,uconn.edu
3342,gamestop.com
3343,offcn.com
3344,noon.com
3345,iea.org
3346,aiv-delivery.net
3347,ada.support
3348,gamesradar.com
3349,lgtvcommon.com
3350,carbonblack.io
3351,medicinenet.com
3352,awsdns-30.net
3353,home.kpmg
3354,2gis.ru
3355,habr.com
3356,awsdns-54.com
3357,jst.go.jp
3358,gzip.org
3359,sketchup.com
3360,herokuspace.com
3361,ohio.gov
3362,freelancer.com
3363,google.gr
3364,58.com
3365,exoclick.com
3366,jav.guru
3367,vivoglobal.com
3368,smartthings.com
3369,twnic.net.tw
3370,easybrain.com
3371,pch.com
3372,zebra.com
3373,freebit.net
3374,vkuseraudio.net
3375,iconfont.cn
3376,wanfangdata.com.cn
3377,vapp-servers.com
3378,aliyundrive.com
3379,adzerk.net
3380,1tv.ru
3381,usaa.com
3382,jaavnacsdw.com
3383,r01.ru
3384,wolfram.com
3385,infomaniak.ch
3386,opera-mini.net
3387,20minutos.es
3388,propublica.org
3389,postman.com
3390,tubitv.com
3391,jiathis.com
3392,awsdns-38.com
3393,udacity.com
3394,zhiye.com
3395,missouri.edu
3396,dnsv5.com
3397,wjx.cn
3398,awsdns-13.com
3399,dmca.com
3400,womenshealthmag.com
3401,sandiegouniontribune.com
3402,bfmio.com
3403,evotor.ru
3404,byjus.com
3405,lsu.edu
3406,hbtv.com.cn
3407,oculus.com
3408,elespanol.com
3409,sbrf.ru
3410,readmanganato.com
3411,cri.cn
3412,poshmark.com
3413,ad-delivery.net
3414,self.com
3415,tutsplus.com
3416,coub.com
3417,wikiwand.com
3418,ucsc.edu
3419,olympic.org
3420,bongacams.com
3421,razer.com
3422,adotmob.com
3423,na-att-idns.net
3424,nutaku.net
3425,britishairways.com
3426,tubemogul.com
3427,smadex.com
3428,lexisnexis.com
3429,izatcloud.net
3430,eclipse.org
3431,mailjet.com
3432,blizzard.cn
3433,ml.com
3434,consensu.org
3435,collinsdictionary.com
3436,imperial.ac.uk
3437,gsu.edu
3438,nap.edu
3439,tamin.ir
3440,cntv.cn
3441,sspai.com
3442,tpgi.com.au
3443,zaobao.com
3444,postrelease.com
3445,expressvpn.com
3446,awsdns-48.com
3447,hotnet.net.il
3448,wswebcdn.com
3449,blogspot.com.es
3450,liepin.com
3451,wappalyzer.com
3452,unoadsrv.com
3453,xmlsoft.org
3454,tdameritrade.com
3455,lanacion.com.ar
3456,polyfill.io
3457,awsdns-00.com
3458,vonedge.com
3459,freshchat.com
3460,alphonso.tv
3461,lyft.com
3462,jinritemai.com
3463,onlamp.com
3464,nheos.com
3465,ucr.edu
3466,turbopages.org
3467,kxcdn.com
3468,amazon.sa
3469,zdf.de
3470,zdassets.com
3471,farfetch.com
3472,google.com.co
3473,freetype.org
3474,biography.com
3475,beijing.gov.cn
3476,motivessuggest.com
3477,truecaller.com
3478,siteground.biz
3479,box.net
3480,nag.ru
3481,awsdns-37.com
3482,x-mol.com
3483,dbs.com.sg
3484,conferdeploy.net
3485,c212.net
3486,gla.ac.uk
3487,usmagazine.com
3488,motherjones.com
3489,emarketer.com
3490,ak-is2.net
3491,rei.com
3492,po-kaki-to.com
3493,eu-1-id5-sync.com
3494,moma.org
3495,drugs.com
3496,awsdns-43.com
3497,apachelounge.com
3498,lilly.com
3499,canon.com
3500,macomnet.ru
3501,adage.com
3502,fastcgi.com
3503,webdav.org
3504,connatix.com
3505,smashingmagazine.com
3506,mercadolibre.com.ve
3507,bilibili.tv
3508,openresolve.rs
3509,siteforce.com
3510,uidai.gov.in
3511,queue-it.net
3512,matomo.org
3513,gs.com
3514,awsdns-58.net
3515,fanfiction.net
3516,irdeto.com
3517,shrm.org
3518,shopifycloud.com
3519,awsdns-11.com
3520,netlify.com
3521,dns.ne.jp
3522,adingo.jp
3523,clicktripz.com
3524,9anime.gs
3525,awsdns-45.com
3526,awsdns-30.com
3527,coloros.com
3528,servenobid.com
3529,statefarm.com
3530,safeway.com
3531,fanbox.cc
3532,alamy.com
3533,peatix.com
3534,aclu.org
3535,fas.org
3536,chosun.com
3537,leparisien.fr
3538,gemius.pl
3539,pressreader.com
3540,awsdns-05.com
3541,skwstat.ru
3542,skillshare.com
3543,mindbox.ru
3544,awsdns-36.com
3545,awsdns-10.com
3546,surfeasy.mobi
3547,9to5mac.com
3548,cas.cn
3549,grammarlyaws.com
3550,govdelivery.com
3551,statefarm.org
3552,processon.com
3553,easydns.com
3554,vips.ne.jp
3555,chinatelecomglobal.com
3556,chromium.org
3557,intercomcdn.com
3558,heyfiesta.com
3559,desmos.com
3560,examiner.com
3561,awsdns-62.com
3562,mediago.io
3563,spglobal.com
3564,oblongseller.com
3565,meganameservers.eu
3566,awsdns-40.com
3567,aniview.com
3568,independent.ie
3569,modsecurity.org
3570,awsdns-26.com
3571,mlive.com
3572,kinedns.net
3573,enlightenment.org
3574,todoist.com
3575,elastic-cloud.com
3576,jdcache.com
3577,watchguard.com
3578,doodle.com
3579,lin.ee
3580,cedexis.com
3581,msu.ru
3582,apitest.team
3583,rsasecurity.com
3584,churchofjesuschrist.org
3585,legislation.gov.uk
3586,mundodeportivo.com
3587,awsdns-04.com
3588,sfchronicle.com
3589,teletarget.ru
3590,palmplaystore.com
3591,7mmtv.sx
3592,webnode.com
3593,gvt3.com
3594,lazada.com.ph
3595,vine.co
3596,kompas.com
3597,tonic.to
3598,groupme.com
3599,sage.com
3600,sci-hub.se
3601,trpcdn.net
3602,sh.gov.cn
3603,newgrounds.com
3604,morningstar.com
3605,emory.edu
3606,awsdns-53.net
3607,awsdns-18.com
3608,cbs.com
3609,cedexis-test.com
3610,envato.market
3611,washingtonexaminer.com
3612,clarivate.com
3613,dailystar.co.uk
3614,opecloud.com
3615,navyfederal.org
3616,anjuke.com
3617,sportradar.com
3618,psychcentral.com
3619,virtualbox.org
3620,rqtrk.eu
3621,awsdns-55.com
3622,dns-servers.vn
3623,mfms.ru
3624,ko-fi.com
3625,google.cz
3626,insightexpressai.com
3627,unilever.com
3628,uw.edu
3629,google.dz
3630,cleveland.com
3631,donmai.us
3632,os-lb.com
3633,gscontxt.net
3634,mktoresp.com
3635,awsdns-32.com
3636,awsdns-08.com
3637,acuityplatform.com
3638,gigaset-elements.com
3639,overstock.com
3640,second-ns.com
3641,wshifen.com
3642,mo.gov
3643,usen.ad.jp
3644,post-gazette.com
3645,zeotap.com
3646,royalsocietypublishing.org
3647,dns.pt
3648,torproject.org
3649,fastclick.net
3650,counterpane.com
3651,rutarget.ru
3652,pushy.io
3653,lulu.com
3654,sbs.com.au
3655,makemytrip.com
3656,outbrainimg.com
3657,charter.com
3658,farsnews.ir
3659,slack-edge.com
3660,amagi.tv
3661,sleepycat.com
3662,infolinks.com
3663,nos.nl
3664,sedoparking.com
3665,adhigh.net
3666,mojohost.com
3667,viator.com
3668,leboncoin.fr
3669,awsdns-19.com
3670,desjardins.com
3671,serverwatch.com
3672,lufthansa.com
3673,gitee.io
3674,rtve.es
3675,ip138.com
3676,theintercept.com
3677,nightowldvr.com
3678,verizonwireless.com
3679,gnome.org
3680,3m.com
3681,monash.edu
3682,sciencealert.com
3683,isipp.com
3684,google.ae
3685,trellian.com
3686,nme.com
3687,pcauto.com.cn
3688,hltv.org
3689,gos-gsp.io
3690,boc.cn
3691,wakelet.com
3692,aif.ru
3693,fisglobal.com
3694,bfmtv.com
3695,aboutamazon.com
3696,awsdns-43.net
3697,leeds.ac.uk
3698,awsdns-47.com
3699,uu.nl
3700,nab.com.au
3701,cableone.net
3702,itunes.com
3703,awsdns-02.com
3704,mongodb.net
3705,google.co.il
3706,wsdvs.info
3707,clickagy.com
3708,documentcloud.org
3709,gamerant.com
3710,yomiuri.co.jp
3711,11st.co.kr
3712,nic.fr
3713,hsbc.com
3714,akahost.net
3715,ok.xxx
3716,just-eat.com
3717,producthunt.com
3718,youth.cn
3719,fmb.la
3720,sydney.edu.au
3721,blogspot.fr
3722,ijg.org
3723,aftonbladet.se
3724,sbnation.com
3725,awin1.com
3726,identrust.com
3727,signupgenius.com
3728,wholefoodsmarket.com
3729,index.hu
3730,eloqua.com
3731,oclc.org
3732,yucrm.ru
3733,domain.com
3734,digitaljournal.com
3735,sony.tv
3736,finn.no
3737,profitablegatetocontent.com
3738,asana.biz
3739,ccb.com
3740,yhdmp.cc
3741,dnswl.org
3742,hdslb.com
3743,freewebs.com
3744,bahn.de
3745,centrastage.net
3746,smailru.net
3747,wassenaar.org
3748,sv.com
3749,split.io
3750,onelogin.com
3751,bunkr.is
3752,fortinet.com
3753,channelnewsasia.com
3754,match.com
3755,apnic.net
3756,4dex.io
3757,spdydns.com
3758,insops.net
3759,dropboxapi.com
3760,mytrafficmanagement.com
3761,avgle.com
3762,awsdns-14.com
3763,dwightadjoining.com
3764,ranker.com
3765,splunk.com
3766,g2.com
3767,cuhk.edu.hk
3768,huatu.com
3769,warwick.ac.uk
3770,plex.direct
3771,snaptube.app
3772,concursolutions.com
3773,my.games
3774,kidshealth.org
3775,awsdns-57.com
3776,kaiserpermanente.org
3777,ttoverseaus.net
3778,deltadna.net
3779,sjv.io
3780,game8.jp
3781,laravel.com
3782,online-convert.com
3783,classdojo.com
3784,alibabacorp.com
3785,sz.gov.cn
3786,profi.ru
3787,infourok.ru
3788,google.com.ph
3789,y2mate.is
3790,blogimg.jp
3791,ksmobile.com
3792,pandasecurity.com
3793,brinkpos.net
3794,hwg.org
3795,tap.az
3796,1x001.com
3797,bartleby.com
3798,westernunion.com
3799,anxia.com
3800,abril.com.br
3801,piojm.tech
3802,news24.com
3803,storygize.net
3804,livedoor.biz
3805,bleepingcomputer.com
3806,ibytedtos.com
3807,letterboxd.com
3808,ad.nl
3809,qoo10.sg
3810,akstat.io
3811,blackboardcdn.com
3812,studocu.com
3813,tidaltv.com
3814,aetna.com
3815,utah.gov
3816,bumble.com
3817,cdek.ru
3818,pdflib.com
3819,awsdns-25.com
3820,kissjav.li
3821,msbl.org
3822,filezilla-project.org
3823,nicehash.com
3824,bcg.com
3825,colossusssp.com
3826,onenote.com
3827,haaretz.com
3828,adnxs.net
3829,dongchedi.com
3830,biorxiv.org
3831,insiderintelligence.com
3832,tappx.com
3833,freetds.org
3834,betrad.com
3835,dezeen.com
3836,manganato.com
3837,brainyquote.com
3838,ccleaner.com
3839,mokahr.com
3840,adition.com
3841,s-onetag.com
3842,scotsman.com
3843,awsdns-56.com
3844,optnx.com
3845,jooble.org
3846,tapclap.com
3847,cafepress.com
3848,pantheonsite.io
3849,dm.de
3850,ora.com
3851,military.com
3852,themoviedb.org
3853,jnj.com
3854,umwelt-campus.de
3855,wolframalpha.com
3856,pinterest.de
3857,epfindia.gov.in
3858,kasserver.com
3859,redditstatic.com
3860,health.wa.gov.au
3861,idc.jp
3862,apache-ssl.org
3863,ngs.ru
3864,manhuagui.com
3865,toptal.com
3866,vultr.com
3867,nationalreview.com
3868,samba.tv
3869,sas.com
3870,blogs.com
3871,americanbar.org
3872,myvidster.com
3873,indeed.tech
3874,nic.tr
3875,xitongzhijia.net
3876,weather.com.cn
3877,demandbase.com
3878,heytapmobile.com
3879,geico.com
3880,etoro.com
3881,proof-dns.com
3882,inleed.net
3883,sex.com
3884,perfectgirls.net
3885,rrv.ru
3886,awsdns-27.net
3887,mailerlite.com
3888,overleaf.com
3889,chinatimes.com
3890,uservoice.com
3891,xvideos.red
3892,pinterest.fr
3893,samsungiotcloud.com
3894,porsche.com
3895,ultipro.com
3896,csod.com
3897,tacdn.com
3898,cybertrust.com
3899,sureserver.com
3900,awsdns-44.com
3901,spbtv.com
3902,transip.nl
3903,google.cl
3904,nus.edu.sg
3905,webthing.com
3906,1gb.ru
3907,complex.com
3908,cdnga.net
3909,barracudacentral.org
3910,bluestacks.com
3911,ucf.edu
3912,pitchfork.com
3913,venmo.com
3914,rosneft.ru
3915,specbench.org
3916,eu.org
3917,ltn.com.tw
3918,medrxiv.org
3919,movetv.com
3920,tubi.io
3921,edmunds.com
3922,voe.sx
3923,fpt.vn
3924,smartasset.com
3925,gab.com
3926,alarabiya.net
3927,marketo.com
3928,bloglovin.com
3929,7-zip.org
3930,wandera.com
3931,namebright.com
3932,dhgate.com
3933,iocnt.net
3934,vzbi.com
3935,clean.gg
3936,lahuashanbx.com
3937,awsdns-50.com
3938,px-cloud.net
3939,leroymerlin.ru
3940,tinypng.com
3941,bitrix24.com
3942,izbirkom.ru
3943,drive2.ru
3944,rand.org
3945,ku.edu
3946,kochava.com
3947,maryland.gov
3948,scopus.com
3949,rit.edu
3950,elementor.com
3951,sprint.com
3952,urbanairship.com
3953,alltrails.com
3954,dnevnik.ru
3955,getyourguide.com
3956,lothar.com
3957,tpnet.pl
3958,nhtsa.gov
3959,ons.gov.uk
3960,iplanet.com
3961,samhsa.gov
3962,right.com.cn
3963,caliente.mx
3964,cnr.cn
3965,logi.com
3966,iporntv.net
3967,filimo.com
3968,mindbodyonline.com
3969,lever.co
3970,sozcu.com.tr
3971,boxofficemojo.com
3972,instapaper.com
3973,digital-insider.ru
3974,699pic.com
3975,exblog.jp
3976,ashemaletube.com
3977,arte.tv
3978,honda.com
3979,sf-express.com
3980,ubs.com
3981,liveperson.net
3982,turbo.az
3983,viglink.com
3984,exness.com
3985,odn.ne.jp
3986,vseinstrumenti.ru
3987,thrillist.com
3988,xrea.com
3989,mailspike.net
3990,hvosting.ua
3991,permutive.com
3992,chinanetcenter.com
3993,opensooq.com
3994,daraz.pk
3995,signal.org
3996,xhamster.desi
3997,nielsendigital.net
3998,gccdn.net
3999,technorati.com
